category,subcategory,provider,city,province,price_zar,price_basis,source_url,date_checked,notes
Initial setup,Dog or puppy adoption fee,Animal Anti-Cruelty League Johannesburg,Johannesburg,Gauteng,1240,per dog or puppy adoption,https://www.aacl.co.za/adoption-process/,2026-08-10,"Includes one vaccination, rabies vaccination when age-appropriate, sterilisation under stated conditions, microchip and identity disc. Branch rates vary."
Initial setup,Adult dog adoption fee,Woodrock Animal Rescue,Pretoria Rural,Gauteng,1650,per adult dog adoption,https://www.woodrockanimalrescue.co.za/adopt-dogs,2026-08-10,"Public fee includes vaccinations, deworming, flea treatment, microchipping and sterilisation."
Initial setup,Puppy adoption fee,Woodrock Animal Rescue,Pretoria Rural,Gauteng,1850,per puppy adoption,https://www.woodrockanimalrescue.co.za/adopt-dogs,2026-08-10,"Public fee includes first vaccination, deworming, flea treatment, microchipping and a sterilisation certificate if not yet age-appropriate."
Initial setup,Collapsible pet bowl,Takealot,Online / multiple regions,National,80,per bowl,https://www.takealot.com/pets/bowls-26696?filter=Brand%3AHubbe,2026-08-10,Current displayed price for the named Hubbe collapsible pet bowl; delivery and availability vary.
Initial setup,Pet bed starting price,Takealot,Online / multiple regions,National,258,from price per removable cushion pet bed,https://www.takealot.com/pets/equipment-and-accessories-26669,2026-08-10,Displayed from-price for a multi-size listing. Final price depends on selected size and current promotion.
Initial setup,Medium pet carrier starting price,Takealot,Online / multiple regions,National,310,from price per medium carrier,https://www.takealot.com/pets/equipment-and-accessories-26669,2026-08-10,Displayed from-price for a multi-option listing. Confirm dimensions and final option price before buying.
Food,Montego Classic adult dry food 20 kg,Takealot,Online / multiple regions,National,585,per 20 kg bag,https://www.takealot.com/montego-classic-adult-dog-food-20-kg/PLID91414033,2026-08-10,Current displayed promotional price; page also displayed R649. Do not treat the promotion as a permanent recurring price.
Food,Royal Canin Mini Adult dry food 8 kg,VetEx,Online,National,1167.72,one-time purchase per 8 kg bag,https://www.vetexonline.co.za/product/royal-canin-mini-adult-8kg/,2026-08-10,One-time purchase price shown separately from the discounted auto-order price.
Food,Ultra Dog Superwoof large adult chicken and rice 20 kg,MyPet,Durban / Pietermaritzburg delivery area,KwaZulu-Natal,1400,per 20 kg bag,https://mypet.co.za/shop/index.php/all-categories/food/dog-food.html?dir=asc&limit=15&manufacturer=346&order=manufacturer&packsize=115,2026-08-10,Retailer states delivery is limited to Greater Durban and Pietermaritzburg areas.
Parasite prevention,Bravecto medium dog chewable 10-20 kg,Pet Heaven,Online,National,480,once-off per chewable treatment,https://www.petheaven.co.za/dogs/dog-tick-and-flea-treatment/dog-tick-and-flea-chewable-treatments/bravecto-medium-dog-10-20kg.html?p=2,2026-08-10,Weight-specific product example. Product choice and schedule should be confirmed with a veterinarian.
Parasite prevention,Bravecto large dog chewable 20-40 kg,Pet Heaven,Online,National,623,once-off per chewable treatment,https://www.petheaven.co.za/dogs/dog-tick-and-flea-treatment/dog-tick-and-flea-chewable-treatments/bravecto-large-dog-20-40kg.html?p=2,2026-08-10,Weight-specific product example. Product choice and schedule should be confirmed with a veterinarian.
Parasite prevention,Milbemax small dog and puppy deworming tablet 1-5 kg,Pet Heaven,Online,National,40,once-off per tablet,https://www.petheaven.co.za/collections/shop/tick-and-flea.html,2026-08-10,Current displayed once-off price. Deworming product and timing must suit the dog and veterinary plan.
Parasite prevention,Milbemax dog deworming tablet 5-25 kg,Pet Heaven,Online,National,123,once-off per tablet,https://www.petheaven.co.za/dogs/dog-tick-and-flea-treatment/dog-tick-and-flea-chewable-treatments.html,2026-08-10,Current displayed once-off price. Deworming product and timing must suit the dog and veterinary plan.
Routine veterinary,Annual dog vaccination - Animal Medical Centre,Vitalvet,George,Western Cape,450,per annual dog vaccination,https://vitalvet.co.za/pricing/,2026-08-10,Public clinic price example. Confirm what is included and the current price directly with the branch.
Routine veterinary,Annual dog vaccination - York Street,Vitalvet,George,Western Cape,325,per annual dog vaccination,https://vitalvet.co.za/pricing/,2026-08-10,Public clinic price example. Confirm what is included and the current price directly with the branch.
Routine veterinary,Annual dog vaccination - Mossel Bay,Vitalvet,Mossel Bay,Western Cape,375,per annual dog vaccination,https://vitalvet.co.za/pricing/,2026-08-10,Public clinic price example. Confirm what is included and the current price directly with the branch.
Routine veterinary,First consultation - Animal Medical Centre,Vitalvet,George,Western Cape,450,per first consultation,https://vitalvet.co.za/pricing/,2026-08-10,"Routine consultation example only. It is not an estimate for diagnostics, medication, treatment, surgery or emergency care."
Routine veterinary,First consultation - Mossel Bay,Vitalvet,Mossel Bay,Western Cape,400,per first consultation,https://vitalvet.co.za/pricing/,2026-08-10,"Routine consultation example only. It is not an estimate for diagnostics, medication, treatment, surgery or emergency care."
Routine veterinary,Microchip - Mossel Bay,Vitalvet,Mossel Bay,Western Cape,250,per microchip,https://vitalvet.co.za/pricing/,2026-08-10,Confirm whether registration or database charges are included.
Grooming,"Full groom, smooth and short coat, small dog up to 10 kg",Pampered Paws,Cape Town,Western Cape,225,per full groom,https://pamperedpaws.co.za/grooming/,2026-08-10,Service definition includes the items listed by the provider; coat condition and add-ons can affect the final price.
Grooming,"Full groom, smooth and short coat, medium dog 10-20 kg",Pampered Paws,Cape Town,Western Cape,250,per full groom,https://pamperedpaws.co.za/grooming/,2026-08-10,Service definition includes the items listed by the provider; coat condition and add-ons can affect the final price.
Grooming,"Full groom, smooth and short coat, large dog over 20 kg",Pampered Paws,Cape Town,Western Cape,325,per full groom,https://pamperedpaws.co.za/grooming/,2026-08-10,Service definition includes the items listed by the provider; coat condition and add-ons can affect the final price.
Grooming,"Full groom, silk, wool, wire or long coat, small dog up to 10 kg",Pampered Paws,Cape Town,Western Cape,300,per full groom,https://pamperedpaws.co.za/grooming/,2026-08-10,Service definition includes the items listed by the provider; coat condition and add-ons can affect the final price.
Grooming,"Full groom, silk, wool, wire or long coat, medium dog 10-20 kg",Pampered Paws,Cape Town,Western Cape,350,per full groom,https://pamperedpaws.co.za/grooming/,2026-08-10,Service definition includes the items listed by the provider; coat condition and add-ons can affect the final price.
Grooming,"Full groom, silk, wool, wire or long coat, large dog over 20 kg",Pampered Paws,Cape Town,Western Cape,450,per full groom,https://pamperedpaws.co.za/grooming/,2026-08-10,Service definition includes the items listed by the provider; coat condition and add-ons can affect the final price.
Grooming,Mobile wash and groom,Clean Pets,Durban / Umhlanga,KwaZulu-Natal,249,per listed 45-minute package,https://cleanpets.co.za/,2026-08-10,"Package is described as wash, brush, blow-dry and manicure; confirm travel area and final quote."
Training,Puppy 1 group course,Cape Province Dog Club,Cape Town,Western Cape,700,per five-lesson course,https://capeprovincedogclub.co.za/service/puppy-courses/,2026-08-10,Group puppy course; compare course length and entry requirements rather than price alone.
Training,Puppy Bootcamp group course,The Dog Club,Johannesburg,Gauteng,1400,per six-week course,https://thedogclub.co.za/puppy-bootcamp.html,2026-08-10,Provider asks clients to confirm current rates when booking.
Training,Group dog training,The Dog Club,Johannesburg,Gauteng,850,per month,https://www.thedogclub.co.za/dog-training-centre.html,2026-08-10,All-level group training monthly fee; provider asks clients to confirm current rates when booking.
Training,Puppy club course,Pretoria Shepherd Dog Club,Pretoria,Gauteng,1480,per six-class course,https://www.pretoriashepherddogclub.co.za/training/training-times-and-fees/,2026-08-10,Six classes are completed within the provider's stated eight-week window or before the puppy reaches the age limit.
Training,Super Pup puppy school,Fetch K9 Services,Bloemfontein,Free State,500,per five-week course,https://www.fetchk9.co.za/,2026-08-10,Published course price for puppies aged 8-20 weeks.
Boarding and daycare,Trial daycare day,Dogtanian Doggy Daycare,Cape Town,Western Cape,200,per trial day,https://www.dogtanian.co.za/prices,2026-08-10,Trial-day service; admission requirements apply.
Boarding and daycare,Single-night sleepover,Dogtanian Doggy Daycare,Cape Town,Western Cape,350,per night for a one-night stay,https://www.dogtanian.co.za/prices,2026-08-10,Longer stays have different published nightly rates. Confirm holiday pricing and requirements.
Boarding and daycare,Mini to medium dog boarding lower endpoint,Durban and Coast SPCA,Durban,KwaZulu-Natal,130,per day; published range R130-R160,https://spcadbn.org.za/boarding-kennels/,2026-08-10,Lower endpoint of the published 2-20 kg dog range. Vaccination and age requirements apply.
Boarding and daycare,Large dog boarding lower endpoint,Durban and Coast SPCA,Durban,KwaZulu-Natal,195,per day; published range R195-R215,https://spcadbn.org.za/boarding-kennels/,2026-08-10,Lower endpoint of the published 20-40 kg dog range. Vaccination and age requirements apply.
Boarding and daycare,Standard single-dog boarding,Fetch K9 Services,Bloemfontein,Free State,180,"per dog per night, off peak",https://www.fetchk9.co.za/,2026-08-10,Published social or non-social boarding rate for one dog; peak and specialist rates differ.
Boarding and daycare,Full-day daycare,Pampered Paws,Cape Town,Western Cape,200,per full day of five hours or more,https://pamperedpaws.co.za/daycare/,2026-08-10,Published full-day rate; booking and suitability rules apply.
Insurance,Accident Plan starting premium,Oneplan,National,National,80,from per pet per month,https://www.oneplan.co.za/plans/PetPlans,2026-08-10,"Published starting premium, not a universal quote. Premiums are risk-profile dependent; terms, excesses and waiting periods apply."
Insurance,Primary Plan starting premium,Oneplan,National,National,160,from per pet per month,https://www.oneplan.co.za/plans/PetPlans,2026-08-10,"Published starting premium, not a universal quote. Premiums are risk-profile dependent; terms, excesses and waiting periods apply."
Insurance,Hospital Plan starting premium,Oneplan,National,National,190,from per pet per month,https://www.oneplan.co.za/plans/PetPlans,2026-08-10,"Published starting premium, not a universal quote. Premiums are risk-profile dependent; terms, excesses and waiting periods apply."
Insurance,Classic Plan starting premium,Oneplan,National,National,280,from per pet per month,https://www.oneplan.co.za/plans/PetPlans,2026-08-10,"Published starting premium, not a universal quote. Premiums are risk-profile dependent; terms, excesses and waiting periods apply."
Insurance,Super Plan starting premium,Oneplan,National,National,430,from per pet per month,https://www.oneplan.co.za/plans/PetPlans,2026-08-10,"Published starting premium, not a universal quote. Premiums are risk-profile dependent; terms, excesses and waiting periods apply."
Insurance,Accidental plan starting premium,dotsure.co.za,National,National,99,from per pet per month,https://www.dotsure.co.za/pet-insurance-dog,2026-08-10,"Published starting premium, not a universal quote. Confirm cover, excess, limits, exclusions and current personalised premium."
Insurance,Vital plan starting premium,dotsure.co.za,National,National,219,from per pet per month,https://www.dotsure.co.za/pet-insurance-dog,2026-08-10,"Published starting premium, not a universal quote. Confirm cover, excess, limits, exclusions and current personalised premium."
Insurance,Elite plan starting premium,dotsure.co.za,National,National,399,from per pet per month,https://www.dotsure.co.za/pet-insurance-dog,2026-08-10,"Published starting premium, not a universal quote. Confirm cover, excess, limits, exclusions and current personalised premium."
Insurance,Deluxe plan starting premium,dotsure.co.za,National,National,430,from per pet per month,https://www.dotsure.co.za/pet-insurance-dog,2026-08-10,"Published starting premium, not a universal quote. Confirm cover, excess, limits, exclusions and current personalised premium."
